number of parts,part,link,price
1, arduino uno rev3,https://tuni-smart-innovation.com/collections/carte-programmable/products/arduino-uno-dip-rev3-1,9.50$
1,L289N motor driver,https://2btrading.tn/accueil/507-module-driver-moteur-pont-h-l298n.html?srsltid=AfmBOoqf2Al4xi5XV3AnCYflN5xwydlIQ8xTytis6h2JHkEy7xw7s5Tf,2.48$
1,stepper motor 28BYJ-48,https://souilah-electronique.tn/moteurs/136-moteur-pas-a-pas-5v-28byj-48.html,1.90$
2,spool,https://onereel.en.made-in-china.com/product/lSanKbukZBWH/China-Reasonable-Price-Wire-Spool-Plastic-Bobbin-for-Equipment-Parts.html?pv_id=1jqmofp361d7&faw_id=1jqmog225bfe&bv_id=1jqmog2271e5&pbv_id=1jqmofnvr31ai,5$
1,string,https://www.etsy.com/listing/4501441012/professional-polyester-sewing-thread?ls=a&ga_order=most_relevant&ga_search_type=all&ga_view_type=gallery&ga_search_query=spool&ref=sc_gallery-2-1&sr_prefetch=1&pf_from=search&plkey=Eu4HTdHNqpXPaq3nSN8aSsMqXC22%3ALT3e177cbb4464283db85e7f4d8d24a63086fa220d,6.10$
1,AA Battery Holder Enclosures,https://www.amazon.com/VWEICYY-Battery-Holder-Enclosures-Switch/dp/B0CSFFDN56/ref=sr_1_2_sspa?crid=2QANCYW3SX50O&dib=eyJ2IjoiMSJ9.NNGzSof4uM5GCAQ1ur-gifrTw13XiqgAV-RiANYx8JcxUF7imQpQQCLxSUYrQbxe0sKqPJTcOGN12sabtaLukCW1A56-h0diyAAPKoVB55uz-PdpzqpQKuDYYycn42uxzSrrw-ftDJb3az6O4U5CCD7uY19OkaMhcthabP9Zf_q4R1ohcwCu8XQznT_VhqJ0MxS0zOMrHCs4UoitSGoUbegwtrLvt055MoupMWpxJjA.xjzNjWkXADaKuGSYqVEYEb0V1lqJBFuBvtuLunUfXDI&dib_tag=se&keywords=batter%2Bholder&qid=1780059039&sprefix=batter%2Bholder%2Caps%2C227&sr=8-2-spons&sp_csd=d2lkZ2V0TmFtZT1zcF9hdGY&th=1,7$
1,Jumper Wires,https://www.amazon.com/EDGELEC-Breadboard-Optional-Assorted-Multicolored/dp/B07GD1XFWV/ref=sr_1_1_sspa?crid=M1H1AWZ2AZZK&dib=eyJ2IjoiMSJ9.0rGtHdNHPeoDRar659gdlOYIA-gnHmCnsqNeu-EwnERvmqPxt-qGvDxH0QFtjHYGGK5qvFhVF-el2TJRT22fBbXO2F6Jng369ou0v2jf5MdVkBy_K5K-UKwu_7qIlspkHhbU1n61d3nhaiaszUZhVpnEjbt3w3WIMTqyKZJ2nxUU7ZbtFJC9ykmGBqdlHb6wcukvL_O7wEPlMJsy7M0gSnSlgW2LE0-9ZeyRY7z6aMI.Ha7rftM7tQNgbSRPvxQvveP1Ky5DLuC3Ic374L53_XA&dib_tag=se&keywords=jumper%2Bwires&qid=1780059123&sprefix=jumper%2Bw%2Caps%2C257&sr=8-1-spons&sp_csd=d2lkZ2V0TmFtZT1zcF9hdGY&th=1,7$
3-4,rubber bands,https://shop.52kards.com/products/gold-rubberbands-14,3$
,total,,41.98$
